{"loss":0.1642446016927454,"_wandb":{"runtime":5},"_timestamp":1.7382383065046022e+09,"_runtime":5.661492779,"_step":7,"acc":0.7756974520618457}